1;http://www.inpalestra.it/uploads/products/28/mat500-tappeto-materassino-fitness-freddy-con-occhielli-arrotolabile-1.jpg;tappeto fitness;75;15
1;https://-Yoga-Esercizio-Stuoia-di-Massaggio-Palla-Attrezzature-Per-Il-Fitness-Bambini-Elder-Durian-Punto-di.jpg;palla yoga;90;10
2;https://www.arredodesignonline.com/media/catalog/product/cache/1/image/1200x/39f224dd9c269df04ae93440ba6883ad/k/i/kios-specchiera-moderna-con-mensola-da-bagno-glam.jpg;specchiera bagno;100;150
2;http://x.cloudsdata.net/56/images/products/large/3773-000-3817-.jpg;tappeto cucina;60;15
4;http://www.gilcommerce.com/public/zoom_73777871_Copy2.jpg;risma fogli A4;200;4.50
4;http://www.chimica-online.it/shop/immagini/centra-spillatrice-blu.jpg;spillatrice-blu;35;200
5;http://www.gardenorchidea.net/wp-content/uploads/2015/07/accessori_per_animali.jpg;borsetta_cane;100;23.50
5;https://www.cibocanigatti.it/accessori-cani-e-gatti/accessori-animali/accessori-per-animali_O1.jpg;collare_cane;40;7.90
7;http://www.caricabatterie-portatile.it/images/caricabatterie-portatile-samsung-easyacc.jpg;caricabatterie-portatile;120;13
7;http://cdnit.ibtimes.com/sites/it.ibtimes.com/files/styles/v2_article_large/public/2016/09/14/easyacc-morbido-tpu-iphone-7.png;cover_IPhone7;12;13
8;http://www.me__mom_io_e_mamma_olio_neonati_crema_viso_anti_macchie_paraben_free_senza_parabeni_senza_consevanti_crema_sederino_memoclass;crema_anticellulite_gravidanza;23;40
8;http://i0.wp.com/blog.cliomakeup.com/wp-content/uploads/2016/02/cliomakeup-acqua-micellare-4-bioderma.jpg;acqua-micellare-4-bioderma;19;10
9;http://mediatoy.it/catalogo/img/1366_1430405037.jpg;costruzioni lego;10;10